Workbook

Sheet README
A1: RAVIN CABLES LTD — BOM Master Workbook
A2: Version: 2026-05-13 | DO NOT share externally — contains pricing data
A4: Sheet Index
A5: Sheet | B5: Purpose
A6: Layer_Registry | B6: All layer types, formula definitions, required inputs
A7: Cable_Families | B7: 9 cable family definitions with layer sequences
A8: Master_Data | B8: Material densities (g/cm³), resistivity constants, design factors
A9: Lay_Factors | B9: Conductor / cabling / armour lay factor lookup tables
A10: Extrusion_Tolerances | B10: Thickness tolerance factors by band and type (Nominal/Minimum)
A11: RM_Prices | B11: Current raw material prices (₹/kg) — update regularly
A12: Drum_Costs | B12: Drum cost lookup by product type, conductor area, drum type
A13: Margins | B13: Target margin % by product family and conductor area range
A14: BOM_Calculator | B14: Interactive BOM calculator — enter cable specs, get weight per layer
A15: Costing_Calculator | B15: Applies RM prices to BOM → floor price and selling price
A17: Formula Reference
A18: Conductor Weight | B18: area = ρ/R_DC × resistance_factor | weight = area × density × lay_factor × num_cores
A19: Annular Layer (Extrusion) | B19: OD = ID + 2×(thickness×tol_factor) | weight = (π/4)(OD²-ID²) × density × lay_factor
A20: GS Flat Strip Armour | B20: n = π(D+t)/(w+gap) | weight = n × w × t × density × lay × coverage
A21: GS Round Wire Armour | B21: n = π(D+d)/(d+gap) | weight = n × (π/4×d²) × density × lay × coverage
A22: Copper Tape Screen | B22: weight = π × mean_OD × (1+overlap/100) × thickness × density × num_cores
A23: Tape Wrap (general) | B23: weight = π × mean_OD × (1+overlap/100) × thickness × density × n_layers
A24: PP Filler | B24: weight = ((π/4×OD_cab²) - n×(π/4×OD_core²)) × fill_factor × density
A25: Drain Wire | B25: weight = (π/4 × d²) × density_Cu × n_pairs

Sheet Layer_Registry
A1: layer_key | B1: display_name | C1: formula_type | D1: required_inputs | E1: density_key | F1: tolerance_applicable | G1: lay_category | H1: apply_cabling_lay | I1: cable_families | J1: notes
A2: conductor | B2: Conductor | C2: conductor_weight | D2: dc_resistance_ohm_per_km, conductor_material, num_wires | E2: copper_conductor | F2: No | G2: conductor | H2: No | I2: LT_PVC_FLEX, LT_XLPE_UNARM, LT_XLPE_ARMOURED, HT_11KV_SCREENED, CTRL_PVC_UNARM, CTRL_PVC_ARMOURED, MV_XLPE_SCREENED | J2: area_mm2 = ρ/R_DC × resistance_factor; weight_kg_km = area × density × lay_factor × num_cores
A4: fine_wire_conductor | B4: Flexible Conductor (Class 5/6) | C4: conductor_weight | D4: dc_resistance_ohm_per_km, conductor_material, num_wires | E4: copper_conductor | F4: No | G4: fine_wire_conductor | H4: No | I4: FLEX_CLASS5, INSTR_SCREENED | J4: Same formula as conductor but uses fine_wire_conductor lay factor table (IS 694 Class 5/6 stranding)
A5: xlpe_insulation | B5: XLPE Insulation | C5: annular_layer | D5: id_mm, nominal_thickness_mm, thickness_type | E5: xlpe_insulation | F5: Yes | G5: none | H5: No | I5: LT_XLPE_UNARM, LT_XLPE_ARMOURED, HT_11KV_SCREENED, MV_XLPE_SCREENED | J5: Tolerance factor applied to nominal thickness per Extrusion_Tolerances table; weight per core × num_cores
A6: pvc_insulation | B6: PVC Insulation | C6: annular_layer | D6: id_mm, nominal_thickness_mm, thickness_type | E6: pvc_insulation | F6: Yes | G6: none | H6: No | I6: LT_PVC_FLEX, CTRL_PVC_UNARM, CTRL_PVC_ARMOURED, INSTR_SCREENED, FLEX_CLASS5 | J6: Same annular formula as XLPE; density 1.40 g/cm³ for control/flexible, 1.50 for LT PVC flex
A7: rubber_insulation | B7: EPDM / EPR Rubber Insulation | C7: annular_layer | D7: id_mm, nominal_thickness_mm, thickness_type | E7: rubber_epdm | F7: Yes | G7: none | H7: No | I7: FLEX_CLASS5 | J7: Rubber compound insulation; density 1.35 g/cm³; otherwise same formula as XLPE
A8: conductor_screen | B8: Conductor Screen (Semicon) | C8: annular_layer | D8: id_mm, nominal_thickness_mm, thickness_type | E8: semicon_screen | F8: Yes | G8: none | H8: No | I8: HT_11KV_SCREENED, MV_XLPE_SCREENED | J8: Inner semiconducting layer; co-extruded with XLPE in 3-in-1 process
A9: insulation_screen | B9: Insulation Screen (Semicon) | C9: annular_layer | D9: id_mm, nominal_thickness_mm, thickness_type | E9: semicon_screen | F9: Yes | G9: none | H9: No | I9: HT_11KV_SCREENED, MV_XLPE_SCREENED | J9: Outer semiconducting layer; co-extruded in 3-in-1 process
A10: copper_tape_screen | B10: Copper Tape Screen | C10: copper_tape_screen | D10: mean_od_mm, tape_thickness_mm, tape_overlap_pct | E10: copper_tape_screen | F10: No | G10: none | H10: No | I10: HT_11KV_SCREENED, MV_XLPE_SCREENED | J10: weight = π × mean_OD × (1 + overlap/100) × thickness × density × num_cores; standard overlap 15%
A11: copper_wire_screen | B11: Copper Wire Concentric Screen | C11: copper_wire_screen | D11: D_screen_mm, n_wires, wire_diameter_mm | E11: copper_wire_screen | F11: No | G11: none | H11: No | I11: MV_XLPE_SCREENED | J11: Alternative to copper tape; weight = n_wires × (π/4 × d²) × density × lay_factor × num_cores
A12: swelling_tape | B12: Swelling / Water-Blocking Tape | C12: tape_wrap | D12: mean_od_mm, tape_thickness_mm, overlap_pct | E12: swelling_tape | F12: No | G12: none | H12: No | I12: MV_XLPE_SCREENED | J12: Longitudinal water-blocking tape; weight = π × mean_OD × (1+overlap/100) × thickness × density
A13: bedding | B13: Bedding / PVC Inner Sheath | C13: annular_layer | D13: id_mm, nominal_thickness_mm, thickness_type | E13: pvc_armoured_sheath | F13: Yes | G13: cabling | H13: Yes | I13: LT_XLPE_ARMOURED, HT_11KV_SCREENED, MV_XLPE_SCREENED | J13: Inner sheath over cabled cores before armour; cabling lay factor applied
... A18: al_mylar_pe_tape | B18: Al Mylar PE Screen | C18: tape_wrap | D18: tape_thickness_mm, overlap_pct, n_pairs | E18: al_mylar_pe_tape | F18: No | G18: none | H18: No | I18: INSTR_SCREENED | J18: Al Mylar + PE laminate tape, second layer of individual pair screen; default 40 microns, 15% overlap, density 1.50 g/cm³
A19: drain_wire | B19: Drain Wire | C19: fixed_weight | D19: n_pairs | F19: No | G19: none | H19: No | I19: INSTR_SCREENED | J19: Bare copper drain wire (7/0.3mm or 0.5mm²) alongside each pair screen; fixed weight 4.5 kg/km costing / 3.0 kg/km production per pair; also bumps under-screen OD by 0.5mm
A20: pp_filler | B20: PP Rope Filler | C20: pp_filler | D20: od_cabled_mm, od_core_mm, n_cores, fill_factor | E20: pp_filler | F20: No | G20: none | H20: No | I20: MV_XLPE_SCREENED | J20: Fills interstices between cabled cores; weight = ((π/4×OD_cab²) - n×(π/4×OD_core²)) × fill_factor × density; typical fill_factor 0.87
A21: binding_tape | B21: Binding Tape (over cabling) | C21: tape_wrap | D21: mean_od_mm, tape_thickness_mm, overlap_pct | E21: binding_tape_pp | F21: No | G21: none | H21: No | I21: INSTR_SCREENED, MV_XLPE_SCREENED | J21: PP/polyester tape over cabled assembly before sheath; weight = π × mean_OD × (1+overlap/100) × t × density
A22: binder_tape | B22: Binder Tape (over insulated cores) | C22: tape_wrap | D22: mean_od_mm, tape_thickness_mm, overlap_pct | E22: binder_tape | F22: No | G22: none | H22: No | I22: CTRL_PVC_UNARM, CTRL_PVC_ARMOURED | J22: Applied over cabled insulated cores before inner sheath; weight = π × mean_OD × (1+overlap/100) × t × density
A23: frlsh_outer_sheath | B23: FRLSH Outer Sheath | C23: annular_layer | D23: id_mm, nominal_thickness_mm, thickness_type | E23: frlsh_sheath | F23: Yes | G23: cabling | H23: Yes | I23: LT_XLPE_UNARM, LT_XLPE_ARMOURED, HT_11KV_SCREENED, MV_XLPE_SCREENED | J23: FR-LSH compound outer sheath; cabling lay factor applied
A24: pvc_outer_sheath | B24: PVC Outer Sheath | C24: annular_layer | D24: id_mm, nominal_thickness_mm, thickness_type | E24: pvc_outer_sheath | F24: Yes | G24: cabling | H24: Yes | I24: CTRL_PVC_UNARM, CTRL_PVC_ARMOURED, INSTR_SCREENED, FLEX_CLASS5 | J24: PVC outer sheath; cabling lay factor applied
A25: pvc_frlsh_sheath | B25: PVC / FRLSH Sheath (combined) | C25: annular_layer | D25: id_mm, nominal_thickness_mm, thickness_type | E25: frlsh_sheath | F25: Yes | G25: cabling | H25: Yes | I25: LT_PVC_FLEX | J25: Combined designation for PVC or FR-LSH outer sheath in LT PVC flexible family
A26: glass_mica_tape | B26: Glass Mica Fire Barrier Tape | C26: tape_wrap | D26: mean_od_mm, tape_thickness_mm, n_tapes | E26: glass_mica_tape | F26: No | G26: none | H26: No | I26: FIRE_SURVIVAL | J26: Glass mica tape applied per-core over conductor (before insulation); n_tapes=2; thickness: 0.12mm costing / 0.11mm production; overlap: 30% costing / 25% production; density=1.40 g/cm³; formula: n_tapes × π × (D+t) × (1+overlap/100) × t × density × n_cores
A27: lszh_outer_sheath | B27: LSZH Outer Sheath | C27: annular_layer | D27: id_mm, nominal_thickness_mm, thickness_type | E27: frlsh_sheath | F27: Yes | G27: cabling | H27: Yes | I27: FIRE_SURVIVAL | J27: Low Smoke Zero Halogen outer sheath per IS 17505; uses FRLSH density (~1.35 g/cm³); same annular formula as frlsh_outer_sheath

Sheet Cable_Families
A1: code | B1: name | C1: standard | D1: voltage_kv | E1: layer_sequence | F1: operations
A2: LT_PVC_FLEX | B2: LT PVC Flexible | C2: IS 694 | D2: 1.1 | E2: conductor → pvc_insulation → pvc_frlsh_sheath | F2: Bunching/Stranding | Insulation Extrusion | Core Colour/Numbering | Cabling/Laying Up | Outer Sheath Extrusion | Drum Winding
A3: LT_XLPE_UNARM | B3: LT XLPE Unarmoured | C3: IS 7098-1 | D3: 1.1 | E3: conductor → xlpe_insulation → frlsh_outer_sheath | F3: Stranding | Insulation Extrusion (XLPE) | Core Colour/Numbering | Cabling/Laying Up | Outer Sheath Extrusion | Drum Winding
A4: LT_XLPE_ARMOURED | B4: LT XLPE Flat Strip Armoured | C4: IS 7098-1 | D4: 1.1 | E4: conductor → xlpe_insulation → bedding → gs_flat_strip_armour → frlsh_outer_sheath | F4: Stranding | Insulation Extrusion (XLPE) | Core Colour/Numbering | Cabling/Laying Up | Bedding Tape/Extrusion | Armoring | Outer Sheath Extrusion | Drum Winding
A5: HT_11KV_SCREENED | B5: HT 11kV XLPE Screened Armoured | C5: IS 7098-2 | D5: 11 | E5: conductor → conductor_screen → xlpe_insulation → insulation_screen → copper_tape_screen → bedding → gs_flat_strip_armour → frlsh_outer_sheath | F5: Stranding | 3-in-1 Extrusion (Cond.Screen + XLPE + Ins.Screen) | Core Identification | Copper Tape Wrapping | Cabling/Laying Up | Bedding Extrusion | Armoring | Outer Sheath Extrusion | Drum Winding
A6: CTRL_PVC_UNARM | B6: Control Cable PVC Unarmoured | C6: IS 1554-1 | D6: 1.1 | E6: conductor → pvc_insulation → binder_tape → pvc_inner_sheath → pvc_outer_sheath | F6: Bunching/Stranding | PVC Insulation Extrusion | Core Identification/Numbering | Cabling/Laying Up | Binder Tape Application | Inner Sheath Extrusion | Outer Sheath Extrusion | Drum Winding
A7: CTRL_PVC_ARMOURED | B7: Control Cable PVC Round Wire Armoured | C7: IS 1554-1 | D7: 1.1 | E7: conductor → pvc_insulation → binder_tape → pvc_inner_sheath → gs_round_wire_armour → pvc_outer_sheath | F7: Bunching/Stranding | PVC Insulation Extrusion | Core Identification/Numbering | Cabling/Laying Up | Binder Tape Application | Inner Sheath Extrusion | Round Wire Armoring | Outer Sheath Extrusion | Drum Winding
A8: MV_XLPE_SCREENED | B8: MV 22kV/33kV XLPE Screened Armoured | C8: IS 7098-2/3 | D8: 22/33 | E8: conductor → conductor_screen → xlpe_insulation → insulation_screen → copper_tape_screen → swelling_tape → bedding → gs_flat_strip_armour → frlsh_outer_sheath | F8: Stranding | 3-in-1 Extrusion (Cond.Screen + XLPE + Ins.Screen) | Core Identification | Copper Tape Wrapping | Swelling Tape Application | Cabling/Laying Up | Bedding Extrusion | Armoring | Outer Sheath Extrusion | Drum Winding
A9: INSTR_SCREENED | B9: Instrumentation Cable Screened | C9: IS 1554 / IEC 60092 | D9: 0.25 | E9: conductor → pvc_insulation → petp_tape_screen → drain_wire → binding_tape → pvc_inner_sheath → gs_round_wire_armour → pvc_outer_sheath | F9: Bunching/Stranding | PVC Insulation Extrusion | Pair/Triple Formation | PETP Tape + Drain Wire Application | Cabling/Laying Up | Binding Tape Application | Inner Sheath Extrusion | Armoring | Outer Sheath Extrusion | Drum Winding
A10: FLEX_CLASS5 | B10: Flexible Cable Class 5/6 | C10: IS 694 / IEC 60227 | D10: 0.3 | E10: fine_wire_conductor → pvc_insulation → pvc_outer_sheath | F10: Bunching (Class 5/6) | PVC Insulation Extrusion | Core Colour/Numbering | Cabling/Laying Up | Outer Sheath Extrusion | Drum/Coil Winding

Sheet Master_Data
A1: Material Densities (g/cm³)
A2: material_code | B2: description | C2: density_costing | D2: density_production | E2: unit
A3: copper_conductor | B3: Copper conductor (annealed) | C3: 8.89 | D3: 8.89 | E3: g/cm3
A4: aluminium_conductor | B4: Aluminium conductor (1350) | C4: 2.703 | D4: 2.703 | E4: g/cm3
A5: xlpe_insulation | B5: XLPE insulation compound | C5: 0.92 | D5: 0.92 | E5: g/cm3
A6: pvc_insulation | B6: PVC insulation (control/flex) | C6: 1.4 | D6: 1.4 | E6: g/cm3
A7: semicon_screen | B7: Semiconducting XLPE (screen) | C7: 1.2 | D7: 1.2 | E7: g/cm3
A8: pvc_flexible | B8: PVC flexible compound | C8: 1.5 | D8: 1.5 | E8: g/cm3
A9: pvc_armoured_sheath | B9: PVC armoured sheath | C9: 1.6 | D9: 1.6 | E9: g/cm3
A10: pvc_outer_sheath | B10: PVC outer sheath | C10: 1.6 | D10: 1.6 | E10: g/cm3
A11: pvc_inner_sheath | B11: PVC inner sheath | C11: 1.6 | D11: 1.6 | E11: g/cm3
A12: hffr_sheath | C12: 1.5 | D12: 1.5 | E12: g/cm3
A13: lszh_sheath | C13: 1.5 | D13: 1.5 | E13: g/cm3
A14: lszh_outer_sheath | C14: 1.5 | D14: 1.5 | E14: g/cm3
A15: lszh_inner_sheath | C15: 1.5 | D15: 1.5 | E15: g/cm3
A16: frlsh_sheath | B16: FR-LSH compound sheath | C16: 1.5 | D16: 1.5 | E16: g/cm3
A17: gs_flat_strip_armour | B17: GS flat strip armour (7.85) | C17: 7.85 | D17: 7.85 | E17: g/cm3
A18: gs_round_wire_armour | B18: GS round wire armour (SWA/AWA) | C18: 7.85 | D18: 7.85 | E18: g/cm3
A19: copper_tape_screen | B19: Copper tape screen | C19: 8.89 | D19: 8.89 | E19: g/cm3
A20: copper_wire_screen | B20: Copper wire concentric screen | C20: 8.89 | D20: 8.89 | E20: g/cm3
A21: filler_compound | B21: Filler compound / bedding | C21: 1.4 | D21: 1.4 | E21: g/cm3
A22: binder_tape | B22: Binder tape | C22: 1.35 | D22: 1.35 | E22: g/cm3
A23: binding_tape_pp | B23: Binding tape (PP/polyester) | C23: 0.91 | D23: 0.91 | E23: g/cm3
A24: petp_tape | B24: PETP/Al foil tape (individual screen) | C24: 1.39 | D24: 1.39 | E24: g/cm3
A25: pp_filler | B25: PP rope filler | C25: 0.91 | D25: 0.91 | E25: g/cm3
A26: pvc_filler | C26: 1.7 | D26: 1.7 | E26: g/cm3
A27: rubber_epdm | B27: EPDM/EPR rubber insulation | C27: 1.35 | D27: 1.35 | E27: g/cm3
A28: swelling_tape | B28: Swelling/water-blocking tape | C28: 1 | D28: 1 | E28: g/cm3
A29: glass_mica_tape | C29: 1.5 | D29: 1.5 | E29: g/cm3
A30: pe_tape | C30: 1.5 | D30: 1.5 | E30: g/cm3
A31: al_mylar_pe_tape | C31: 1.5 | D31: 1.5 | E31: g/cm3
A34: Resistivity Constants
A35: material | B35: resistivity_ohm_mm2_per_m | C35: formula | D35: note
A36: Copper | B36: 0.017241 | C36: 1/58 | D36: IEC 60228, 20°C
A37: Aluminium | B37: 0.028571 | C37: 1/35 | D37: IEC 60228, 20°C

Sheet Lay_Factors
A1: Conductor Lay Factors (Standard Class 2)
A2: category | B2: min_wires | C2: max_wires | D2: costing_value | E2: production_value
A3: conductor | B3: 1 | C3: 7 | D3: 1.005 | E3: 1.005
A4: conductor | B4: 8 | C4: 19 | D4: 1.01 | E4: 1.01
A5: conductor | B5: 20 | C5: 37 | D5: 1.02 | E5: 1.02
A6: conductor | B6: 38 | C6: 999 | D6: 1.025 | E6: 1.025
A8: Fine Wire Conductor Lay Factors (Class 5/6 Flexible)
A9: category | B9: min_wires | C9: max_wires | D9: costing_value | E9: production_value
A10: fine_wire_conductor | B10: 50 | C10: 130 | D10: 1.03 | E10: 1.025
A11: fine_wire_conductor | B11: 131 | C11: 999 | D11: 1.04 | E11: 1.035
A13: Cabling / Armour Lay Factors
A14: category | B14: costing_value | C14: production_value
A15: cabling | B15: 1.008 | C15: 1.007
A16: armour | B16: 1.008 | C16: 1.007
A17: round_wire_armour | B17: 1.008 | C17: 1.007

Sheet Extrusion_Tolerances
A1: thickness_type | B1: band | C1: min_mm | D1: max_mm | E1: costing_factor | F1: production_factor | G1: notes
A2: Nominal | B2: thin | C2: 0 | D2: 1 | E2: 1.1 | F2: 1 | G2: e.g. semicon screen, thin tape
A3: Nominal | B3: medium | C3: 1 | D3: 2 | E3: 1.08 | F3: 1 | G3: e.g. thin insulation
A4: Nominal | B4: thick | C4: 2 | D4: 99 | E4: 1.05 | F4: 1 | G4: e.g. thick insulation, sheaths
A5: Minimum | B5: thin | C5: 0 | D5: 1 | E5: 1.15 | F5: 1.05 | G5: conservative: thin layers with Minimum spec
A6: Minimum | B6: medium | C6: 1 | D6: 2 | E6: 1.12 | F6: 1.05 | G6: e.g. IS 7098 insulation Minimum thickness
A7: Minimum | B7: thick | C7: 2 | D7: 99 | E7: 1.08 | F7: 1.05 | G7: e.g. thick sheaths with Minimum spec

Sheet RM_Prices
A1: material_code | B1: description | C1: rm_price_per_kg | D1: unit | E1: last_updated | F1: source
A2: copper_conductor | B2: Copper conductor (ETP grade) | C2: 0.00 | D2: ₹/kg | E2: 2026-05-13 | F2: MCX / supplier
A3: aluminium_conductor | B3: Aluminium conductor (EC grade) | C3: 0.00 | D3: ₹/kg | E3: 2026-05-13 | F3: LME / supplier
A4: xlpe_insulation | B4: XLPE insulation compound | C4: 0.00 | D4: ₹/kg | E4: 2026-05-13 | F4: Dow/BASF
A5: pvc_insulation | B5: PVC insulation compound | C5: 0.00 | D5: ₹/kg | E5: 2026-05-13 | F5: Supplier
A6: semicon_screen | B6: Semiconducting XLPE compound | C6: 0.00 | D6: ₹/kg | E6: 2026-05-13 | F6: Supplier
A7: glass_mica_tape | B7: Glass mica fire barrier tape | C7: 0.00 | D7: ₹/kg | E7: 2026-05-13 | F7: Supplier
A8: pvc_flexible | B8: PVC flexible compound | C8: 0.00 | D8: ₹/kg | E8: 2026-05-13 | F8: Supplier
A9: pvc_armoured_sheath | B9: PVC armoured/bedding compound | C9: 0.00 | D9: ₹/kg | E9: 2026-05-13 | F9: Supplier
A10: pvc_outer_sheath | B10: PVC outer sheath compound | C10: 0.00 | D10: ₹/kg | E10: 2026-05-13 | F10: Supplier
A11: pvc_inner_sheath | B11: PVC inner sheath compound | C11: 0.00 | D11: ₹/kg | E11: 2026-05-13 | F11: Supplier
A12: lszh_outer_sheath | B12: LSZH outer sheath compound | C12: 0.00 | D12: ₹/kg | E12: 2026-05-13 | F12: Supplier
... A28: rubber_epdm | B28: EPDM/EPR rubber compound | C28: 0.00 | D28: ₹/kg | E28: 2026-05-13 | F28: Supplier
A30: ⚠ Fill rm_price_per_kg column with current prices before running costing calculations.

Sheet Drum_Costs
A1: GTP_No | B1: Item_No | C1: Description | D1: Cable_Family | E1: Conductor | F1: Area_mm2 | G1: Delivery_Length_m | H1: Drum_Type | I1: Cost_per_km
A2: HOW TO USE THIS SHEET
A3: • Add one row per cable item where you know the exact drum cost.
A4: • GTP_No + Item_No uniquely identify the cable. Leave blank for a family/area default.
A5: • Cost_per_km = total drum/packing cost in ₹ per km of cable.
A6: • If an item is NOT listed here, the system uses % fallback rates from data/drum_rates.json.
A7: • Drum_Type: wooden / steel / coil (steel triggers an alert in Telegram)
A9: --- FILL YOUR DATA BELOW THIS LINE ---
A10: IS 17505 (2) (2) | B10: 1 | C10: 3.5C x 300 SQMM | D10: FIRE_SURVIVAL | E10: copper | F10: 300 | G10: 500 | H10: wooden | I10: 0

Sheet Margins
A1: product_family | B1: min_area_mm2 | C1: max_area_mm2 | D1: margin_pct | E1: notes
A2: LT_PVC_FLEX | B2: 0 | C2: 999 | D2: 15 | E2: LT PVC flexible
A3: LT_XLPE_UNARM | B3: 0 | C3: 999 | D3: 15 | E3: LT XLPE unarmoured
A4: LT_XLPE_ARMOURED | B4: 0 | C4: 999 | D4: 15 | E4: LT XLPE armoured
A5: HT_11KV_SCREENED | B5: 0 | C5: 999 | D5: 18 | E5: HT 11kV screened
A6: MV_XLPE_SCREENED | B6: 0 | C6: 999 | D6: 20 | E6: MV 22/33kV screened
A7: CTRL_PVC_UNARM | B7: 0 | C7: 999 | D7: 15 | E7: Control unarmoured
A8: CTRL_PVC_ARMOURED | B8: 0 | C8: 999 | D8: 15 | E8: Control armoured
A9: INSTR_SCREENED | B9: 0 | C9: 999 | D9: 18 | E9: Instrumentation
A10: FLEX_CLASS5 | B10: 0 | C10: 999 | D10: 12 | E10: Flexible Class 5/6

Sheet BOM_Calculator
A1: CABLE BOM CALCULATOR
B3: Cable Designation: | E3: e.g. A2XFY-FRLSH
B4: Cable Config: | E4: e.g. 3.5C x 70mm²
B5: Conductor Material: | E5: copper / aluminium
B6: DC Resistance (Ω/km): | E6: from GTP
B7: Number of Wires: | E7: e.g. 19
B8: Conductor OD (mm): | E8: from GTP or calculated
B9: Number of Cores: | E9: e.g. 3.5
B10: GTP Type (A/B/C): | E10: default A
B11: BOM Type (costing/production) | E11: costing or production
B12: Cable Family Code: | E12: e.g. LT_XLPE_ARMOURED
B14: Layer-by-Layer BOM Results
B15: Layer No. | C15: Layer Name | D15: Material Key | E15: Formula Type | F15: Inner OD (mm) | G15: Thickness (mm) | H15: Outer OD (mm) | I15: Density (g/cm³) | J15: Lay Factor | K15: Weight kg/km
B16: 1 | C16: Conductor | D16: conductor | E16: conductor_weight | F16: =E8 | G16: — | H16: =E8 | I16: =VLOOKUP(E5&"_conductor",Master_Data!A:D,3,0) | J16: 1.005 | K16: =E6
B17: 2 | C17: XLPE Insulation | D17: xlpe_insulation | E17: annular_layer | F17: =P16 | G17: 1.9 | H17: =Q17+2*R17 | I17: =VLOOKUP(C17,Master_Data!A:D,3,0) | J17: 1.000 | K17: =(PI()/4)*(S17^2-R17^2)*T17*U17
B18: 3 | C18: Bedding | D18: pvc_armoured_sheath | E18: annular_layer | F18: =S17 | G18: 0.9 | H18: =R18+2*R18 | I18: =VLOOKUP(C18,Master_Data!A:D,3,0) | J18: 1.008 | K18: =(PI()/4)*(S18^2-R18^2)*T18*U18
B19: 4 | C19: GS Flat Strip Arm. | D19: gs_flat_strip_armour | E19: flat_strip_armour | F19: =S18 | G19: 0.8 | H19: =R19+2*R19 | I19: =VLOOKUP(C19,Master_Data!A:D,3,0) | J19: 1.008
B20: 5 | C20: FRLSH Outer Sheath | D20: frlsh_outer_sheath | E20: annular_layer | F20: =S19 | G20: 1.8 | H20: =R20+2*R20 | I20: =VLOOKUP(C20,Master_Data!A:D,3,0) | J20: 1.008 | K20: =(PI()/4)*(S20^2-R20^2)*T20*U20
B22: TOTAL WEIGHT (kg/km) | K22: =SUM(K16:K21)
B24: Note: Replace formula placeholders with actual cell references after entering your cable specs. Add more rows as needed.

Sheet Costing_Calculator
A1: CABLE COSTING CALCULATOR
B3: Link to BOM_Calculator sheet (BOM_Calculator!K16:K21) or paste weights below.
B5: Layer Name | C5: Material Key | D5: Weight kg/km | E5: RM Price (₹/kg) | F5: Material Cost (₹/km)
B6: Conductor | C6: copper_conductor | D6: =BOM_Calculator!K16 | E6: =VLOOKUP(C6,RM_Prices!A:C,3,0) | F6: =D6*E6
B7: XLPE Insulation | C7: xlpe_insulation | D7: =BOM_Calculator!K17 | E7: =VLOOKUP(C7,RM_Prices!A:C,3,0) | F7: =D7*E7
B8: Bedding | C8: pvc_armoured_sheath | D8: =BOM_Calculator!K18 | E8: =VLOOKUP(C8,RM_Prices!A:C,3,0) | F8: =D8*E8
B9: GS Flat Strip Arm. | C9: gs_flat_strip_armour | D9: =BOM_Calculator!K19 | E9: =VLOOKUP(C9,RM_Prices!A:C,3,0) | F9: =D9*E9
B10: FRLSH Outer Sheath | C10: frlsh_outer_sheath | D10: =BOM_Calculator!K20 | E10: =VLOOKUP(C10,RM_Prices!A:C,3,0) | F10: =D10*E10
B13: Total Material Cost (₹/km): | F13: =SUM(F6:F11)
B14: Drum Cost (₹/km): | F14: 0
B15: Conversion Cost (₹/km): | F15: 0
B16: Total Floor Cost (₹/km): | F16: =F13+F14+F15
B18: Margin (%): | F18: 15
B19: Selling Price (₹/km): | F19: =F16/(1-F18/100)
